n_mlp_layers,batch_size,learning_rate,units_0,dropout_0,cv_rmse,test_rmse
1,64,0.0017138017141969455,128,0.06976007919903846,31.125008770651256,31.967006236288906
