window,average_mae
3,43.196519266402525
6,42.108822737147
12,40.51429462652574
24,40.364171535504745
