model,average_mae
LGBM,32.97375857257756
XGB,33.0501450835674
