n_estimators,learning_rate,max_depth,colsample_bytree,cv_rmse,test_rmse
900,0.09298868700846465,4,0.9269213283647485,28.412682634383703,24.398779805699885
