n_mlp_layers,batch_size,learning_rate,units_0,dropout_0,cv_rmse,trial
1,32,0.0078957071550419,32,0.0021271854761098635,34.67576991765328,38
