n_estimators,learning_rate,max_depth,colsample_bytree,min_child_weight,huber_slope,cv_rmse,trial
1400,0.0051885589459698695,7,0.7800843130754537,39,98.15564935322396,35.41786219220508,90
