fold,avg_rmse
1,30.250181867597043
2,58.65489212426179
3,22.34888134219196
4,32.43638478870171
5,32.53352851396994
test,28.98396368596334
