fold,avg_mae
1,17.506661547602246
2,19.10372822897809
3,12.163576726233602
4,20.21387040401181
5,19.48997055345644
test,16.36385325736796
