fold,avg_mae
1,17.506661547701594
2,19.10372823005511
3,12.163576725927376
4,20.213870403546306
5,19.4899705532414
test,16.363853257114517
