n_mlp_layers,batch_size,learning_rate,units_0,dropout_0,cv_rmse,test_rmse
1,128,0.013089096832665069,192,0.001204005734299681,31.759588306763796,36.66431936241514
