fold,avg_mae
1,18.267237144903405
2,21.32635567865129
3,14.655473063988907
4,20.90603739214283
5,20.570066087250645
test,19.32336713763882
