fold,avg_rmse
1,30.013999706198994
2,44.27968765280414
3,23.752890880498956
4,31.489733394310992
5,31.670335507335967
test,31.12637148940268
