fold,avg_mae
1,18.813878828910077
2,20.555355177971744
3,14.786828633504006
4,20.928361057443198
5,20.32954978799271
test,19.830550136971
