fold,avg_rmse
1,29.581468080963038
2,45.53826424674852
3,23.765211262147588
4,31.451689887301363
5,31.672213604966572
test,30.631247815847598
