n_mlp_layers,batch_size,learning_rate,units_0,dropout_0,cv_rmse,test_rmse
1,32,0.0024548789696164893,32,0.025430801736414325,30.783651334805818,31.080361028802997
