n_mlp_layers,batch_size,learning_rate,units_0,dropout_0,cv_rmse,test_rmse
1,128,0.001064527915747039,224,0.4848816706352885,34.73282949003905,31.05964088960168
