n_estimators,learning_rate,max_depth,colsample_bytree,min_child_weight,subsample,cv_rmse,test_rmse
800,0.04610701335505091,5,0.8687984075950337,10,0.675684508236966,30.47620585868798,23.675374770483625
