n_estimators,learning_rate,max_depth,colsample_bytree,min_child_weight,cv_rmse,test_rmse
1000,0.005323083461759993,10,0.8756319069450578,35,35.689601485363994,29.341115957411052
