n_mlp_layers,batch_size,learning_rate,units_0,units_1,dropout_0,dropout_1,cv_rmse,test_rmse
2,32,0.00048501525692699275,224,192,0.10088471161206239,0.15210907445207147,21.164738162483044,18.442392113882214
