n_mlp_layers,batch_size,learning_rate,units_0,dropout_0,cv_rmse,test_rmse
1,16,0.0031502873822556814,192,0.17545629861848433,34.97799149210075,34.01936789863561
