n_mlp_layers,batch_size,learning_rate,units_0,dropout_0,cv_rmse,test_rmse
1,64,0.0013086833864333148,224,0.1837660070871421,32.43346188292613,31.717048098937127
