n_mlp_layers,batch_size,learning_rate,units_0,dropout_0,cv_rmse,trial
1,16,0.001401722573626302,128,0.05353195538788107,31.507498349751973,33
