n_estimators,learning_rate,max_depth,colsample_bytree,min_child_weight,huber_slope,cv_rmse,trial
800,0.00628048058122422,9,0.8230773973399942,12,44.66259495177906,35.45511430518595,132
