n_mlp_layers,batch_size,learning_rate,units_0,dropout_0,cv_rmse,test_rmse
1,16,0.0012578656635463417,96,0.04618705088841857,22.215438251176963,19.4165099971644
