n_mlp_layers,batch_size,learning_rate,units_0,dropout_0,cv_rmse,test_rmse
1,16,0.0011807391479995513,192,0.000458243255932843,32.27198467708608,32.24092190490565
