n_mlp_layers,batch_size,learning_rate,units_0,dropout_0,cv_rmse,test_rmse
1,32,0.0012584314732730006,128,0.2836132491974548,30.97954142168293,32.77004574565503
