n_mlp_layers,batch_size,learning_rate,units_0,dropout_0,cv_rmse,test_rmse
1,64,0.02105721568705041,192,0.000825151891705277,32.203485343916995,31.625072353165027
