n_estimators,learning_rate,max_depth,colsample_bytree,min_child_weight,huber_slope,cv_rmse,test_rmse
700,0.0105393226693894,7,0.7254700517673242,18,85.74253221395271,35.255171268862156,29.3566446996452
