n_estimators,learning_rate,max_depth,colsample_bytree,min_child_weight,huber_slope,cv_rmse,trial
1300,0.006867153348991442,6,0.9875259786515028,92,86.06624974108958,35.51316805027792,21
