n_mlp_layers,batch_size,learning_rate,units_0,dropout_0,cv_rmse,test_rmse
1,64,0.0016173361718240628,256,0.029782668100316358,34.246826150475,31.72772738469761
