fold,avg_mae
1,19.081251979155546
2,18.994228527730364
3,13.51227209788093
4,21.4301554372375
5,20.111291193711523
test,17.977317538295218
