fold,avg_rmse
1,30.779148483364008
2,40.634664750376096
3,23.205670120862933
4,32.85911622900154
5,32.206764129256065
test,32.48137998003024
