fold,avg_mae
1,19.494932917684494
2,19.363342652868514
3,13.786221602880904
4,21.44955407048559
5,20.351838402896014
test,20.550026377789163
