fold,avg_rmse
1,30.30791133390877
2,39.61287721185125
3,23.011398061602126
4,32.921650319865165
5,32.023259743538084
test,30.19956197379211
