n_mlp_layers,batch_size,learning_rate,units_0,dropout_0,cv_rmse,trial
1,32,0.0018220911068137706,256,0.3965481505271197,30.577476229736902,121
