fold,avg_mae
1,17.169211452885726
2,18.893612321251933
3,12.248343668643766
4,20.25886643793026
5,19.8145930778815
test,16.49677427387023
