fold,avg_rmse
1,30.06004654072846
2,59.03505129263799
3,22.47423687454147
4,32.884378460089856
5,32.504738797562474
test,29.26186238892128
