fold,avg_mae
1,17.169211267662842
2,18.95925559435406
3,12.250016008338068
4,20.256475581961947
5,19.814593245115788
test,16.49677433183141
