fold,avg_rmse
1,30.060045340059567
2,59.051464395846004
3,22.44605281840842
4,32.906692446518235
5,32.50473898824617
test,29.261862152241868
